zone	steps
(none) Instances & Other	157
(none) Blacksmithing	90
(none) Tailoring	67
(none) Jewelcrafting	63
(none) Temple of Ahn'Qiraj Chest Quest	58
(none) Temple of Ahn'Qiraj Shoulder Quest	58
(none) Temple of Ahn'Qiraj Legs Quest	58
(none) Temple of Ahn'Qiraj Helm Quest	58
(none) Temple of Ahn'Qiraj Boots Quest	58
(none) Enchanting_Classic	41
(none) Engineering	36
(none) Alchemy_Classic	30
(none) Leatherworking	24
(none) Brood of Nozdormu	22
(none) First Aid	18
(none) Dire Maul North Tribute	16
(none) Magisters' Terrace	9
(none) Elemental Leatherworking Questline	7
(none) Dark Rune	5
(none) Ogre Tannin	5
(none) Righteous Orb	5
(none) Darkspear Trolls	4
(none) Gnomeregan Exiles	4
(none) Master Hammersmith Questline	4
(none) How to Change Engineering Specialization	4
(none) Spawn of Jubjub	4
(none) How to Change Blacksmithing Specialization	4
(none) Master Swordsmith Questline	4
(none) Master Axesmith Questline	4
(none) 349	3
(none) Honor Hold	3
(none) Dire Maul North Quests	3
(none) Weaponsmith Questline	3
(none) Draenei Starter	3
(none) Thrallmar	3
(none) Blood Elf Starter	3
(none) Armorsmith Questline	3
(none) Tribal Leatherworking Questline	3
(none) Gnomish Engineering Questline	3
(none) Scale of Onyxia	3
(none) Night Elf Starter	3
(none) Tauren Starter	3
(none) Goblin Engineering Questline	3
(none) Core Leather	3
(none) Dire Maul West Quests	3
(none) Dragonscale Leatherworking Questline	3
(none) Dwarf & Gnome Starter	3
(none) Lesser Astral Essence	2
(none) Skinning	2
(none) Undead Starter	2
(none) Lesser Magic Essence	2
(none) Mining	2
(none) Dreamscale	2
(none) of the Shattered Sun	2
(none) Blood Furnace Quests	2
(none) Orc & Troll Starter	2
(none) The Underbog Quests	2
(none) Human Starter	2
(none) Strange Dust	2
(none) Greater Astral Essence	2
(none) Soul Dust	2
(none) Harvest Festival Quest	2
(none) Bloodsail Buccaneers	2
(none) The Violet Eye	2
(none) Primal Bat Leather	2
(none) Illusion Dust	2
(none) Netherwing Daily Quests	2
(none) Greater Nether Essence	2
(none) Shadow Labyrinth Quests	2
(none) Small Brilliant Shard	2
(none) Hydraxian Waterlords	2
(none) Primal Tiger Leather	2
(none) Lesser Mystic Essence	2
(none) Serpentshrine Cavern Attunement	2
(none) Lesser Eternal Essence	2
(none) Greater Eternal Essence	2
(none) Tempest Keep Attunement	2
(none) Greater Magic Essence	2
(none) Sayge's Fortunes	2
(none) Dream Dust	2
(none) Greater Mystic Essence	2
(none) Lesser Nether Essence	2
(none) Vision Dust	2
(none) Large Brilliant Shard	2
(none) Hellfire Peninsula Group Quests	1
(none) The Barrens & Stonetalon Mountains	1
(none) The Black Morass Quests	1
(none) Figluster's Mudfish	1
(none) Ruins of Ahn'Qiraj Cloak Quest	1
(none) The Arcatraz Quests	1
(none) Wailing Caverns Quests	1
(none) Boosted Rogue Intro	1
(none) Sha'tari Skyguard	1
(none) Fishing	1
(none) Icefin Bluefish	1
(none) Herbalism	1
(none) Cooking	1
(none) Molten Core Attunement	1
(none) Lower City	1
(none) Alchemy	1
(none) Spotted Feltail	1
(none) Onyxia's Lair Attunement	1
(none) Priest Class Quests	1
(none) Zul'Farrak Quests	1
(none) Shaman Class Quests	1
(none) Druid Class Quests	1
(none) Naxxramas Attunement	1
(none) Blackrock Depths Quests	1
(none) Shattrath Cooking Dailies	1
(none) Furious Crawdad, Golden Darter	1
(none) Warrior Class Quests	1
(none) Sha'tari Skyguard Daily Quests	1
(none) Mage Class Quests	1
(none) Boosted Warlock Intro	1
(none) Midsummer Fire Festival Dailies	1
(none) Gelkis & Magram Centaur Clans	1
(none) Stratholme - Live Side Quests	1
(none) Mana-Tombs Quests	1
(none) Temple of Atal'Hakkar Quests	1
(none) Shadowfang Keep Quests	1
(none) Scarlet Monastery Armory Quests	1
(none) Netherwing Eggs	1
(none) The Deadmines Quests	1
(none) Sethekk Halls Quests	1
(none) Signet Ring of the Bronze Dragonflight	1
(none) The Slave Pens Quests	1
(none) Scarlet Monastery Graveyard Quests	1
(none) Hallow's End Quests	1
(none) Cooking + Fishing	1
(none) Netherstorm Group Quests	1
(none) Blackwing Lair Attunement	1
(none) Ruins of Ahn'Qiraj Ring Quest	1
(none) Barbed Gill Trout, Spotted Feltail, Zangarian Sporefish	1
(none) The Steamvault Quests	1
(none) Old Hillsbrad Foothills Quests	1
(none) Boosted Hunter Intro	1
(none) Boosted Shaman Intro	1
(none) Enchanting	1
(none) Razorfen Downs Quests	1
(none) Barbed Gill Trout	1
(none) Boosted Mage Intro	1
(none) Scarlet Monastery Library Quests	1
(none) The Botanica Quests	1
(none) Brewfest Dailies	1
(none) Stratholme - Undead Side Quests	1
(none) Timbermaw Hold	1
(none) Scarlet Monastery Cathedral Quests	1
(none) The Stockade Quests	1
(none) Nagrand Group Quests	1
(none) Hellfire Citadel Attunement	1
(none) Boosted Druid Intro	1
(none) Upper Blackrock Spire Quests	1
(none) Shattered Halls Quests	1
(none) Bloodfin Catfish, Crescent-Tail Skullfish	1
(none) Feast of Winter Veil Quest	1
(none) Points of interest	1
(none) Dire Maul East Quests	1
(none) Boosted Priest Intro	1
(none) Lower Blackrock Spire Quests	1
(none) Golden Darter	1
(none) Blade's Edge Mountains Group Quests	1
(none) Sha'tari Skyguard Terokk Farming	1
(none) Zangarmarsh Group Quests	1
(none) Ogri'la	1
(none) Boosted Warrior Intro	1
(none) Razorfen Kraul Quests	1
(none) Furious Crawdad	1
(none) Greater Planar Essence	1
(none) Rogue Class Quests	1
(none) Hellfire Ramparts Quests	1
(none) Terokkar Forest Group Quests	1
(none) Crescent-Tail Skullfish	1
(none) Uldaman Quests	1
(none) Zangarian Sporefish	1
(none) Boosted Paladin Intro	1
(none) Blackfathom Deeps Quests	1
(none) Lockpicking	1
(none) Small Prismatic Shard	1
(none) Large Prismatic Shard	1
(none) The Mechanar Quests	1
(none) Paladin Class Quests	1
(none) Mount Hyjal Attunement	1
(none) Bloodfin Catfish	1
(none) Ravenholdt	1
(none) Champion of the Naaru	1
(none) Ogri'la Daily Quests	1
(none) Thorium Brotherhood	1
(none) Ragefire Chasm Quests	1
(none) Arcane Dust	1
(none) Scholomance Quests	1
(none) Ruins of Ahn'Qiraj Weapon Quest	1
(none) Figluster's Mudfish, Icefin Bluefish, Barbed Gill Trout	1
(none) Gnomeregan Quests	1
(none) Argent Dawn	1
(none) Wintersaber Trainers	1
(none) Auchenai Crypts Quests	1
(none) The Barrens & Stonetalon Mountain	1
(none) Maraudon Quests	1
(none) Lesser Planar Essence	1
(none) Hunter Class Quests	1
