flavor	guide	step	action	title	qid	zone	coords
retail	zygor:Daily Guides\Dragonflight (10-70)\The Forbidden Reach World Quests	9	R	Note		2107	nocoords
retail	zygor:Daily Guides\Dragonflight (10-70)\The Forbidden Reach World Quests	13	R	Note		2107	nocoords
retail	zygor:Daily Guides\Dragonflight (10-70)\The Forbidden Reach World Quests	17	R	Note		2107	nocoords
retail	zygor:Daily Guides\Dragonflight (10-70)\The Forbidden Reach World Quests	21	R	Note		2107	nocoords
retail	zygor:Daily Guides\Dragonflight (10-70)\The Forbidden Reach World Quests	25	R	Note		2107	nocoords
retail	zygor:Daily Guides\Dragonflight (10-70)\The Forbidden Reach World Quests	29	R	Note		2107	nocoords
retail	zygor:Daily Guides\Dragonflight (10-70)\Forbidden Reach Envoy Dailies	62	R	Note		2107	nocoords
retail	zygor:Leveling Guides\Starter Guides\Dracthyr Starter (10-15)	54	R	Note		2107	nocoords
retail	zygor:Leveling Guides\Starter Guides\Dracthyr Starter (10-15)	59	R	Note		2107	nocoords
retail	zygor:Leveling Guides\Starter Guides\Dracthyr Starter (10-15)	64	R	Note		2107	nocoords
retail	zygor:Leveling Guides\Starter Guides\Dracthyr Starter (10-15)	77	R	Note		2107	nocoords
retail	zygor:Leveling Guides\Starter Guides\Dracthyr Starter (10-15)	150	R	Note		2107	nocoords
retail	zygor:Leveling Guides\Starter Guides\Dracthyr Starter (10-15)	180	R	Note		2107	nocoords
retail	zygor:Leveling Guides\Starter Guides\Dracthyr Starter (10-15)	208	R	Note		2107	nocoords
retail	zygor:Leveling Guides\Dragonflight (10-70)\The Forbidden Reach	7	R	Note		2107	nocoords
